ID,Title,Price,Description
1,Pc Portable Schneider SCL141CTP / Quad Core / 2 Go,"319,000 DT","Écran 14.1""  Full HD - Processeur Intel Atom x5-Z8350 Quad Core, up to 1.44GHz, 2Mo de cache - Mémoire 2Go - Stockage 32Go - Wifi - Bluetooth - Windows 10 - Couleur Gris - Garantie 1 ans"
2,PC PORTABLE SCHNEIDER SCL142ALM /  4GO /  32GO,"429,000 DT","Écran 14.1"" IPS Full HD - Processeur : Intel Celeron N3350 jusqu'à 2.4 GHz, 2 Mo de cache - Mémoire 4 Go - Disque Dur : 32 Go - Résolution: 1920 x 1080 pixels - Wifi - Bluetooth - Windows 10 - Couleur : Silver - Garantie 1 an"
3,Pc Portable Lenovo V15 G4 AMN / AMD Dual Core / 8 Go,"725,000 DT","‎Écran 15,6"" FHD (1 920 x 1 080 px) - Processeur AMD Athlon Silver 7120U, up to 3.5 Ghz, 3 Mo de cache - Mémoire 8 Go LPDDR5-4800 MHz - Disque SSD 256 Go M.2 PCIe 4.0 NVMe - Carte Graphique AMD Radeon 610M - 2x Haut-parleurs 1.5W - Caméra HD 720p avec obturateur de confidentialité - Wi-Fi  - Bluetooth 5.1 - 2x USB 3.2 - 1x USB-C 3.2 - 1x HDMI 1.4b - 1x Ethernet (RJ-45) - 1x Jack (3.5 mm) - Couleur Noir - Garantie 1 an"
4,Pc Portable Lenovo V15 G4 AMN / AMD Dual Core / 8 Go Avec SACOCHE Offert,"729,000 DT","‎Écran 15,6"" FHD (1 920 x 1 080 px) - Processeur AMD Athlon Silver 7120U, up to 3.5 Ghz, 3 Mo de cache - Mémoire 8 Go LPDDR5-4800 MHz - Disque SSD 256 Go M.2 PCIe 4.0 NVMe - Carte Graphique AMD Radeon 610M - 2x Haut-parleurs 1.5W - Caméra HD 720p avec obturateur de confidentialité - Wi-Fi  - Bluetooth 5.1 - 2x USB 3.2 - 1x USB-C 3.2 - 1x HDMI 1.4b - 1x Ethernet (RJ-45) - 1x Jack (3.5 mm) - Couleur Noir - Garantie 1 an Avec SACOCHE Offert"
5,Pc Portable HP 15-FD0028NK / 4 Go / Gold / Windows 11,"769,000 DT","Écran Full HD 15.6"" (1920 x 1080 px ), antireflet - Processeur Intel Celeron N100, up to 3.4 GHz, 6 Mo de mémoire Cache - Mémoire 4 Go - Disque SSD 256 Go SSD M.2, PCIe NVMe - Carte Graphique Intel UHD Graphics - Wi-Fi 6 - Bluetooth 5.3 - Caméra HD 720p - Doubles haut-parleurs - Clavier avec pavé numérique - 1x USB-C - 2x USB Type A - HDMI 1.4b - 1x Prise Jack - Couleur Gold - Windows 11 - Garantie 1 an"
6,Pc Portable HP 15-fd0030nk / 4 Go / Windows 11 / Gris,"769,000 DT","Écran Full HD 15.6"" (1920 x 1080 px ) antireflet - Processeur Intel Celeron N100, up to 3.4 GHz, 6 Mo de mémoire Cache - Mémoire 4 Go - Disque SSD 256 Go SSD M.2, PCIe NVMe - Carte Graphique Intel UHD Graphics - Wi-Fi 6 - Bluetooth 5.3 - Caméra HP True Vision HD 720p - Doubles haut-parleurs - Clavier avec pavé numérique - 1x USB-C - 2x USB Type A - HDMI 1.4b - 1x Prise Jack - Couleur Gris ardoise - Windows 11 - Garantie 1 an"
7,Pc Portable HP 15-fd0029nk / Intel N100 / 4 Go / Windows 11 / Bleu,"769,000 DT","Écran Full HD 15.6"" (1920 x 1080 px ) antireflet - Processeur Intel Celeron N100, up to 3.4 GHz, 6 Mo de mémoire Cache - Mémoire 4 Go - Disque SSD 256 Go SSD M.2, PCIe NVMe - Carte Graphique Intel UHD Graphics - Wi-Fi 6 - Bluetooth 5.3 - Caméra HP True Vision HD 720p - Doubles haut-parleurs - Clavier avec pavé numérique - 1x USB-C - 2x USB Type A - HDMI 1.4b - 1x Prise Jack - Couleur Gris ardoise - Windows 11 - Garantie 1 an"
8,Pc Portable Thomson N14I310 / i3-10110U / 8 Go / 256 Go SSD / Windows 11,"769,000 DT","Écran 14.1"" HD (1366x768 pixels) - Processeur Intel Core i3-10110U, ( jusqu'à 4,10 GHz, 4 Mo de mémoire cache) - Mémoire 8 Go - Disque SSD 256 Go - Graphiques Intel UHD Graphics - Webcam - Wi-Fi - Bluetooth 4.2 - 1x Micro-SD Card - 1x USB 3.0 - 1x USB 2.0 - 1x Mini HDMI - 1x 3.5 mm stereo jack - Windows 11 - Couleur Noir - Garantie 1 an"
9,Pc Portable HP 15-FD0028NK / 4 Go / Gold / Windows 11 AVEC SACOCHE OFFERTE,"779,000 DT","Écran Full HD 15.6"" (1920 x 1080 px ), antireflet - Processeur Intel Celeron N100, up to 3.4 GHz, 6 Mo de mémoire Cache - Mémoire 4 Go - Disque SSD 256 Go SSD M.2, PCIe NVMe - Carte Graphique Intel UHD Graphics - Wi-Fi 6 - Bluetooth 5.3 - Caméra HD 720p - Doubles haut-parleurs - Clavier avec pavé numérique - 1x USB-C - 2x USB Type A - HDMI 1.4b - 1x Prise Jack - Couleur Gold - Windows 11 - Garantie 1 an Avec SACOCHE Offerte"
10,Pc Portable HP 15-fd0029nk / Intel N100 / 4 Go / Windows 11 / Bleu AVEC SACOCHE OFFERTE,"779,000 DT","Écran Full HD 15.6"" (1920 x 1080 px ) antireflet - Processeur Intel Celeron N100, up to 3.4 GHz, 6 Mo de mémoire Cache - Mémoire 4 Go - Disque SSD 256 Go SSD M.2, PCIe NVMe - Carte Graphique Intel UHD Graphics - Wi-Fi 6 - Bluetooth 5.3 - Caméra HP True Vision HD 720p - Doubles haut-parleurs - Clavier avec pavé numérique - 1x USB-C - 2x USB Type A - HDMI 1.4b - 1x Prise Jack - Couleur Gris ardoise - Windows 11 - Garantie 1 an Avec SACOCHE Offerte"
11,Pc Portable HP 15-fd0030nk / 4 Go / Windows 11 / Gris AVEC SACOCHE OFFERTE,"779,000 DT","Écran Full HD 15.6"" (1920 x 1080 px ) antireflet - Processeur Intel Celeron N100, up to 3.4 GHz, 6 Mo de mémoire Cache - Mémoire 4 Go - Disque SSD 256 Go SSD M.2, PCIe NVMe - Carte Graphique Intel UHD Graphics - Wi-Fi 6 - Bluetooth 5.3 - Caméra HP True Vision HD 720p - Doubles haut-parleurs - Clavier avec pavé numérique - 1x USB-C - 2x USB Type A - HDMI 1.4b - 1x Prise Jack - Couleur Gris ardoise - Windows 11 - Garantie 1 an Avec SACOCHE Offerte"
12,Pc Portable Lenovo V15 G4 AMN / AMD Dual Core / 8 Go / WINDOWS 11 PRO,"785,000 DT","‎Écran 15,6"" FHD (1 920 x 1 080 px) - Processeur AMD Athlon Silver 7120U, up to 3.5 Ghz, 3 Mo de cache - Mémoire 8 Go LPDDR5-4800 MHz - Disque SSD 256 Go M.2 PCIe 4.0 NVMe - Carte Graphique AMD Radeon 610M - 2x Haut-parleurs 1.5W - Caméra HD 720p avec obturateur de confidentialité - Wi-Fi  - Bluetooth 5.1 - 2x USB 3.2 - 1x USB-C 3.2 - 1x HDMI 1.4b - 1x Ethernet (RJ-45) - 1x Jack (3.5 mm) - Couleur Noir - WINDOWS 11 PRO - Garantie 1 an"
13,Pc Portable HP 15-FD0028NK / 8 Go / Gold / Windows 11,"789,000 DT","Écran Full HD 15.6"" (1920 x 1080 px ), antireflet - Processeur Intel Celeron N100, up to 3.4 GHz, 6 Mo de mémoire Cache - Mémoire 8 Go - Disque SSD 256 Go SSD M.2, PCIe NVMe - Carte Graphique Intel UHD Graphics - Wi-Fi 6 - Bluetooth 5.3 - Caméra HD 720p - Doubles haut-parleurs - Clavier avec pavé numérique - 1x USB-C - 2x USB Type A - HDMI 1.4b - 1x Prise Jack - Couleur Gold - Windows 11 - Garantie 1 an"
14,Pc Portable HP 15-fd0030nk / 8 Go / Windows 11 / Gris,"789,000 DT","Écran Full HD 15.6"" (1920 x 1080 px ) antireflet - Processeur Intel Celeron N100, up to 3.4 GHz, 6 Mo de mémoire Cache - Mémoire 8 Go - Disque SSD 256 Go SSD M.2, PCIe NVMe - Carte Graphique Intel UHD Graphics - Wi-Fi 6 - Bluetooth 5.3 - Caméra HP True Vision HD 720p - Doubles haut-parleurs - Clavier avec pavé numérique - 1x USB-C - 2x USB Type A - HDMI 1.4b - 1x Prise Jack - Couleur Gris ardoise - Windows 11 - Garantie 1 an"
15,Pc Portable HP 15-fd0029nk / Intel N100 / 8 Go / Windows 11 / Bleu,"789,000 DT","Écran Full HD 15.6"" (1920 x 1080 px ) antireflet - Processeur Intel Celeron N100, up to 3.4 GHz, 6 Mo de mémoire Cache - Mémoire 8 Go - Disque SSD 256 Go SSD M.2, PCIe NVMe - Carte Graphique Intel UHD Graphics - Wi-Fi 6 - Bluetooth 5.3 - Caméra HP True Vision HD 720p - Doubles haut-parleurs - Clavier avec pavé numérique - 1x USB-C - 2x USB Type A - HDMI 1.4b - 1x Prise Jack - Couleur Gris ardoise - Windows 11 - Garantie 1 an"
16,PC PORTABLE HP 15-FD0038NK / INTEL N100 / 4 GO / WINDOWS 11,"789,000 DT","Écran Full HD 15.6"" (1920 x 1080 px ) antireflet - Processeur Intel Celeron N100, up to 3.4 GHz, 6 Mo de mémoire Cache - Mémoire 4 Go - Disque SSD 256 Go SSD M.2, PCIe NVMe - Carte Graphique Intel UHD Graphics - Wi-Fi 6 - Bluetooth 5.3 - Caméra HP True Vision HD 720p - Doubles haut-parleurs - Clavier avec pavé numérique - 1x USB-C - 2x USB Type A - HDMI 1.4b - 1x Prise Jack - Couleur : Diamant Blanc - Windows 11 - Garantie 1 an"
17,Pc Portable HP 15-fd0029nk / Intel N100 / 8 Go / Windows 11 / Bleu AVEC SACOCHE OFFERTE,"799,000 DT","Écran Full HD 15.6"" (1920 x 1080 px ) antireflet - Processeur Intel Celeron N100, up to 3.4 GHz, 6 Mo de mémoire Cache - Mémoire 8 Go - Disque SSD 256 Go SSD M.2, PCIe NVMe - Carte Graphique Intel UHD Graphics - Wi-Fi 6 - Bluetooth 5.3 - Caméra HP True Vision HD 720p - Doubles haut-parleurs - Clavier avec pavé numérique - 1x USB-C - 2x USB Type A - HDMI 1.4b - 1x Prise Jack - Couleur Gris ardoise - Windows 11 - Garantie 1 an Avec SACOCHE Offerte"
18,"Pc Portable HP 15-fd0030nk / 8 Go / Windows 11 / Gris Avec Sac pour Pc Portable 15.6"" Noir","799,000 DT","Écran Full HD 15.6"" (1920 x 1080 px ) antireflet - Processeur Intel Celeron N100, up to 3.4 GHz, 6 Mo de mémoire Cache - Mémoire 8 Go - Disque SSD 256 Go SSD M.2, PCIe NVMe - Carte Graphique Intel UHD Graphics - Wi-Fi 6 - Bluetooth 5.3 - Caméra HP True Vision HD 720p - Doubles haut-parleurs - Clavier avec pavé numérique - 1x USB-C - 2x USB Type A - HDMI 1.4b - 1x Prise Jack - Couleur Gris ardoise - Windows 11 - Garantie 1 an Avec Sac pour Pc Portable 15.6"" Noir"
19,PC Portable Lenovo IdeaPad 1 15IGL7 / Intel Celeron N4020 / 8 Go / 256 Go SSD / Bleu / Windows 11 + Sacoche Lenovo T210 Offerte,"799,000 DT","Écran 15.6"" HD (1366 x 768), Antireflet - Processeur Intel Celeron N4020, (jusqu'à 2.80 GHz, 4 Mo de mémoire cache) - Mémoire 8 Go DDR4 - Disque SSD M.2 256 Go NVMe - Carte graphique Intel UHD 600 intégrée - Lecteur de carte SD - 2x Haut-parleurs stéréo 1.5 W - Caméra HD 720p - Wi-Fi 6 - Bluetooth 5.1 - 1x HDMI 1.4b - 1x prise combo casque/microphone (3.5 mm) - 1x USB 2.0 - 1x USB 3.2 - 1x USB-C 3.2 - Couleur Bleu abysse - Windows 11 - Garantie 2 ans+ Sacoche Lenovo T210 Offerte"
20,PC Portable Lenovo IdeaPad 1 15IGL7 / Intel Celeron N4020 / 8 Go / 256 Go SSD / Gris / Windows 11 + Sacoche Lenovo T210 Offerte,"799,000 DT","Écran 15.6"" HD (1366 x 768), Antireflet - Processeur Intel Celeron N4020, (jusqu'à 2.80 GHz, 4 Mo de mémoire cache) - Mémoire 8 Go DDR4 - Disque SSD M.2 256 Go NVMe - Carte graphique Intel UHD 600 intégrée - Lecteur de carte SD - 2x Haut-parleurs stéréo 1.5 W - Caméra HD 720p - Wi-Fi 6 - Bluetooth 5.1 - 1x HDMI 1.4b - 1x prise combo casque/microphone (3.5 mm) - 1x USB 2.0 - 1x USB 3.2 - 1x USB-C 3.2 - Couleur Gris Nuage - Windows 11 - Garantie 2 ans + Sacoche Lenovo T210 Offerte"
21,PC PORTABLE HP 15-FD0038NK / INTEL N100 / 4 GO / WINDOWS 11 + SACOCHE OFFERTE,"799,000 DT","Écran Full HD 15.6"" (1920 x 1080 px ) antireflet - Processeur Intel Celeron N100, up to 3.4 GHz, 6 Mo de mémoire Cache - Mémoire 4 Go - Disque SSD 256 Go SSD M.2, PCIe NVMe - Carte Graphique Intel UHD Graphics - Wi-Fi 6 - Bluetooth 5.3 - Caméra HP True Vision HD 720p - Doubles haut-parleurs - Clavier avec pavé numérique - 1x USB-C - 2x USB Type A - HDMI 1.4b - 1x Prise Jack - Couleur : Diamant Blanc - Windows 11 - Garantie 1 an
+ SACOCHE OFFERTE"
22,PC PORTABLE LENOVO IP1 / ATHLON SILVER 7120U / 8G 256SSD /  GREY /  Windows 11 AVEC SACOCHE OFFERT,"799,000 DT","‎Écran 15.6"" HD (1366 x 768) - Processeur AMD Athlon Silver 7120U, jusqu'à 3.5 Ghz, 3 Mo de cache - Mémoire 8 Go LPDDR5-5500 MHz - Disque SSD 256 Go M.2 PCIe 4.0 NVMe - Carte Graphique AMD Radeon 610M - 2x Haut-parleurs 1.5W - Caméra HD 720p avec obturateur de confidentialité - Wi-Fi - Bluetooth 5.1 - 2x USB 3.2 - 1x USB-C 3.2 - 1x HDMI 1.4b - 1x Ethernet (RJ-45) - 1x Jack (3.5 mm) - Couleur Noir -   Windows 11 - Garantie 2 ans + Sacoche Lenovo T210 Offerte"
23,Pc Portable HP 15-FD0028NK / 8 Go / Gold / Windows 11 AVEC SACOCHE OFFERTE,"799,000 DT","Écran Full HD 15.6"" (1920 x 1080 px ), antireflet - Processeur Intel Celeron N100, up to 3.4 GHz, 6 Mo de mémoire Cache - Mémoire 4 Go - Disque SSD 256 Go SSD M.2, PCIe NVMe - Carte Graphique Intel UHD Graphics - Wi-Fi 6 - Bluetooth 5.3 - Caméra HD 720p - Doubles haut-parleurs - Clavier avec pavé numérique - 1x USB-C - 2x USB Type A - HDMI 1.4b - 1x Prise Jack - Couleur Gold - Windows 11 - Garantie 1 an Avec SACOCHE Offerte"
24,PC PORTABLE HP 15-FD0038NK / INTEL N100 / 8 GO / WINDOWS 11,"809,000 DT","Écran Full HD 15.6"" (1920 x 1080 px ) antireflet - Processeur Intel Celeron N100, up to 3.4 GHz, 6 Mo de mémoire Cache - Mémoire 8 Go - Disque SSD 256 Go SSD M.2, PCIe NVMe - Carte Graphique Intel UHD Graphics - Wi-Fi 6 - Bluetooth 5.3 - Caméra HP True Vision HD 720p - Doubles haut-parleurs - Clavier avec pavé numérique - 1x USB-C - 2x USB Type A - HDMI 1.4b - 1x Prise Jack - Couleur : Diamant Blanc - Windows 11 - Garantie 1 an"
25,Pc Portable HP 15-fd0029nk / Intel N100 / 4 Go / Windows 11 / Bleu + Sac à dos HP Offert,"809,000 DT","Écran Full HD 15.6"" (1920 x 1080 px ) antireflet - Processeur Intel Celeron N100, up to 3.4 GHz, 6 Mo de mémoire Cache - Mémoire 4 Go - Disque SSD 256 Go SSD M.2, PCIe NVMe - Carte Graphique Intel UHD Graphics - Wi-Fi 6 - Bluetooth 5.3 - Caméra HP True Vision HD 720p - Doubles haut-parleurs - Clavier avec pavé numérique - 1x USB-C - 2x USB Type A - HDMI 1.4b - 1x Prise Jack - Couleur Gris ardoise - Windows 11 - Garantie 1 an + Sac à dos HP Offert"
26,PC PORTABLE HP 15-FD0038NK / INTEL N100 / 8 GO / WINDOWS 11 + SACOCHE OFFERTE,"819,000 DT","Écran Full HD 15.6"" (1920 x 1080 px ) antireflet - Processeur Intel Celeron N100, up to 3.4 GHz, 6 Mo de mémoire Cache - Mémoire 8 Go - Disque SSD 256 Go SSD M.2, PCIe NVMe - Carte Graphique Intel UHD Graphics - Wi-Fi 6 - Bluetooth 5.3 - Caméra HP True Vision HD 720p - Doubles haut-parleurs - Clavier avec pavé numérique - 1x USB-C - 2x USB Type A - HDMI 1.4b - 1x Prise Jack - Couleur : Diamant Blanc - Windows 11 - Garantie 1 an
+ SACOCHE OFFERTE"
27,Pc Portable HP 15-fd0029nk / Intel N100 / 16 Go / Windows 11 / Bleu,"829,000 DT","Écran Full HD 15.6"" (1920 x 1080 px ) antireflet - Processeur Intel Celeron N100, up to 3.4 GHz, 6 Mo de mémoire Cache - Mémoire 16 Go - Disque SSD 256 Go SSD M.2, PCIe NVMe - Carte Graphique Intel UHD Graphics - Wi-Fi 6 - Bluetooth 5.3 - Caméra HP True Vision HD 720p - Doubles haut-parleurs - Clavier avec pavé numérique - 1x USB-C - 2x USB Type A - HDMI 1.4b - 1x Prise Jack - Couleur Gris ardoise - Windows 11 - Garantie 1 an"
28,Pc Portable HP 15-fd0030nk / 16 Go / Windows 11 / Gris,"829,000 DT","Écran Full HD 15.6"" (1920 x 1080 px ) antireflet - Processeur Intel Celeron N100, up to 3.4 GHz, 6 Mo de mémoire Cache - Mémoire 16 Go - Disque SSD 256 Go SSD M.2, PCIe NVMe - Carte Graphique Intel UHD Graphics - Wi-Fi 6 - Bluetooth 5.3 - Caméra HP True Vision HD 720p - Doubles haut-parleurs - Clavier avec pavé numérique - 1x USB-C - 2x USB Type A - HDMI 1.4b - 1x Prise Jack - Couleur Gris ardoise - Windows 11 - Garantie 1 an"
29,Pc Portable HP 15-FD0028NK / 16 Go / Gold / Windows 11,"829,000 DT","Écran Full HD 15.6"" (1920 x 1080 px ), antireflet - Processeur Intel Celeron N100, up to 3.4 GHz, 6 Mo de mémoire Cache - Mémoire 16 Go - Disque SSD 256 Go SSD M.2, PCIe NVMe - Carte Graphique Intel UHD Graphics - Wi-Fi 6 - Bluetooth 5.3 - Caméra HD 720p - Doubles haut-parleurs - Clavier avec pavé numérique - 1x USB-C - 2x USB Type A - HDMI 1.4b - 1x Prise Jack - Couleur Gold - Windows 11 - Garantie 1 an"
30,Pc Portable HP 15-fd0029nk / Intel N100 / 16 Go / Windows 11 / Bleu AVEC SACOCHE OFFERTE,"839,000 DT","Écran Full HD 15.6"" (1920 x 1080 px ) antireflet - Processeur Intel Celeron N100, up to 3.4 GHz, 6 Mo de mémoire Cache - Mémoire 16 Go - Disque SSD 256 Go SSD M.2, PCIe NVMe - Carte Graphique Intel UHD Graphics - Wi-Fi 6 - Bluetooth 5.3 - Caméra HP True Vision HD 720p - Doubles haut-parleurs - Clavier avec pavé numérique - 1x USB-C - 2x USB Type A - HDMI 1.4b - 1x Prise Jack - Couleur Gris ardoise - Windows 11 - Garantie 1 an Avec SACOCHE Offerte"
31,"Pc Portable HP 15-fd0030nk / 16 Go / Windows 11 / Gris Avec Sac pour Pc Portable 15.6"" Noir","839,000 DT","Écran Full HD 15.6"" (1920 x 1080 px ) antireflet - Processeur Intel Celeron N100, up to 3.4 GHz, 6 Mo de mémoire Cache - Mémoire 16 Go - Disque SSD 256 Go SSD M.2, PCIe NVMe - Carte Graphique Intel UHD Graphics - Wi-Fi 6 - Bluetooth 5.3 - Caméra HP True Vision HD 720p - Doubles haut-parleurs - Clavier avec pavé numérique - 1x USB-C - 2x USB Type A - HDMI 1.4b - 1x Prise Jack - Couleur Gris ardoise - Windows 11 - Garantie 1 an Avec Sac pour Pc Portable 15.6"" Noir"
32,Pc Portable HP 15-FD0028NK / 16 Go / Gold / Windows 11 AVEC SACOCHE OFFERTE,"839,000 DT","Écran Full HD 15.6"" (1920 x 1080 px ), antireflet - Processeur Intel Celeron N100, up to 3.4 GHz, 6 Mo de mémoire Cache - Mémoire 16 Go - Disque SSD 256 Go SSD M.2, PCIe NVMe - Carte Graphique Intel UHD Graphics - Wi-Fi 6 - Bluetooth 5.3 - Caméra HD 720p - Doubles haut-parleurs - Clavier avec pavé numérique - 1x USB-C - 2x USB Type A - HDMI 1.4b - 1x Prise Jack - Couleur Gold - Windows 11 - Garantie 1 an Avec SACOCHE Offerte"
33,PC PORTABLE HP 15-FD0038NK / INTEL N100 / 16 GO / WINDOWS 11,"849,000 DT","Écran Full HD 15.6"" (1920 x 1080 px ) antireflet - Processeur Intel Celeron N100, up to 3.4 GHz, 6 Mo de mémoire Cache - Mémoire 16 Go - Disque SSD 256 Go SSD M.2, PCIe NVMe - Carte Graphique Intel UHD Graphics - Wi-Fi 6 - Bluetooth 5.3 - Caméra HP True Vision HD 720p - Doubles haut-parleurs - Clavier avec pavé numérique - 1x USB-C - 2x USB Type A - HDMI 1.4b - 1x Prise Jack - Couleur : Diamant Blanc - Windows 11 - Garantie 1 an"
34,PC PORTABLE HP 15-FD0038NK / INTEL N100 / 16 GO / WINDOWS 11 + SACOCHE OFFERTE,"859,000 DT","Écran Full HD 15.6"" (1920 x 1080 px ) antireflet - Processeur Intel Celeron N100, up to 3.4 GHz, 6 Mo de mémoire Cache - Mémoire 16 Go - Disque SSD 256 Go SSD M.2, PCIe NVMe - Carte Graphique Intel UHD Graphics - Wi-Fi 6 - Bluetooth 5.3 - Caméra HP True Vision HD 720p - Doubles haut-parleurs - Clavier avec pavé numérique - 1x USB-C - 2x USB Type A - HDMI 1.4b - 1x Prise Jack - Couleur : Diamant Blanc - Windows 11 - Garantie 1 an+ SACOCHE OFFERTE"
35,Pc Portable DELL Vostro 3520 / i3-1215U / 4 Go / 256 Go SSD / Noir,"869,000 DT","Écran 15.6"" Full HD, 120 Hz - Processeur Intel Core i3-1215U, 12e génération, (jusqu'à 4.4 GHz, 10 Mo de mémoire Cache) - Mémoire 4 Go DDR4 - Disque SSD M.2 NVMe 256 Go - Carte Graphique Intel UHD Graphics - Caméra HD 720p - WiFi - Bluetooth - USB 3.2 - 1x prise casque - 1x HDMI 1.4 - 1x RJ-45 - Lecteur de carte SD - FreeDos - Couleur Noir - Garantie 1 an"
36,PC Portable HP 15-fc0020nk / Ryzen 3 7320U / 4 Go / 256 Go SSD / Bleu / Windows 11,"869,000 DT","Écran Full HD 15.6"" (1920 x 1080), antireflet - Processeur AMD Ryzen 3 7320U (jusqu’à 4.1 GHz, 4 Mo de mémoire cache) - Mémoire 4 Go LPDDR5 - Disque SSD M.2 NVMe 256 Go - Carte graphique AMD Radeon Intégrée - Doubles haut-parleurs - Caméra HP True Vision HD 720p - Wi-Fi 6 - Bluetooth 5.3 - 1x USB-C - 2x USB - 1x HDMI 1.4b - 1x prise combinée casque/microphone - Windows 11 - Couleur Blue - Garantie 1 an"
37,Pc Portable HP 15-fd0029nk / Intel N100 / 8 Go / Windows 11 / Bleu + SAC À DOS HP OFFERT,"869,000 DT","Écran Full HD 15.6"" (1920 x 1080 px ) antireflet - Processeur Intel Celeron N100, up to 3.4 GHz, 6 Mo de mémoire Cache - Mémoire 8 Go - Disque SSD 256 Go SSD M.2, PCIe NVMe - Carte Graphique Intel UHD Graphics - Wi-Fi 6 - Bluetooth 5.3 - Caméra HP True Vision HD 720p - Doubles haut-parleurs - Clavier avec pavé numérique - 1x USB-C - 2x USB Type A - HDMI 1.4b - 1x Prise Jack - Couleur Gris ardoise - Windows 11 - Garantie 1 an + Sac à dos HP Offert"
38,Pc Portable DELL Vostro 3520 / i3-1215U / 4 Go / 256 Go SSD / Noir Avec SACOCHE Offert,"879,000 DT","Écran 15.6"" Full HD, 120 Hz - Processeur Intel Core i3-1215U, 12e génération, (jusqu'à 4.4 GHz, 10 Mo de mémoire Cache) - Mémoire 4 Go DDR4 - Disque SSD M.2 NVMe 256 Go - Carte Graphique Intel UHD Graphics - Caméra HD 720p - WiFi - Bluetooth - USB 3.2 - 1x prise casque - 1x HDMI 1.4 - 1x RJ-45 - Lecteur de carte SD - FreeDos - Couleur Noir - Garantie 1 an Avec SACOCHE Offert"
39,Pc Portable DELL Vostro 3520 / i3-1215U / 8 Go / 256 Go SSD / Noir,"885,000 DT","Écran 15.6"" Full HD, 120 Hz - Processeur Intel Core i3-1215U, 12e génération, (jusqu'à 4.4 GHz, 10 Mo de mémoire Cache) - Mémoire 8 Go DDR4 - Disque SSD M.2 NVMe 256 Go - Carte Graphique Intel UHD Graphics - Caméra HD 720p - WiFi - Bluetooth - USB 3.2 - 1x prise casque - 1x HDMI 1.4 - 1x RJ-45 - Lecteur de carte SD - FreeDos - Couleur Noir - Garantie 1 an"
40,Pc Portable DELL Vostro 3520 / i3-1215U / 8 Go / 256 Go SSD / Noir Avec SACOCHE Offert,"899,000 DT","Écran 15.6"" Full HD, 120 Hz - Processeur Intel Core i3-1215U, 12e génération, (jusqu'à 4.4 GHz, 10 Mo de mémoire Cache) - Mémoire 8 Go DDR4 - Disque SSD M.2 NVMe 256 Go - Carte Graphique Intel UHD Graphics - Caméra HD 720p - WiFi - Bluetooth - USB 3.2 - 1x prise casque - 1x HDMI 1.4 - 1x RJ-45 - Lecteur de carte SD - FreeDos - Couleur Noir - Garantie 1 an Avec SACOCHE Offert"
41,Pc Portable HP 15-fd0029nk / Intel N100 / 16 Go / Windows 11 / Bleu+ SAC À DOS HP OFFERT,"909,000 DT","Écran Full HD 15.6"" (1920 x 1080 px ) antireflet - Processeur Intel Celeron N100, up to 3.4 GHz, 6 Mo de mémoire Cache - Mémoire 16 Go - Disque SSD 256 Go SSD M.2, PCIe NVMe - Carte Graphique Intel UHD Graphics - Wi-Fi 6 - Bluetooth 5.3 - Caméra HP True Vision HD 720p - Doubles haut-parleurs - Clavier avec pavé numérique - 1x USB-C - 2x USB Type A - HDMI 1.4b - 1x Prise Jack - Couleur Gris ardoise - Windows 11 - Garantie 1 an  + Sac à dos HP Offert"
42,Pc Portable DELL Vostro 3520 / i3-1215U / 12 Go / 256 Go SSD / Noir,"925,000 DT","Écran 15.6"" Full HD, 120 Hz - Processeur Intel Core i3-1215U, 12e génération, (jusqu'à 4.4 GHz, 10 Mo de mémoire Cache) - Mémoire 12 Go DDR4 - Disque SSD M.2 NVMe 256 Go - Carte Graphique Intel UHD Graphics - Caméra HD 720p - WiFi - Bluetooth - USB 3.2 - 1x prise casque - 1x HDMI 1.4 - 1x RJ-45 - Lecteur de carte SD - FreeDos - Couleur Noir - Garantie 1 an"
43,"Pc Portable DELL Vostro 3520 / Écran 15,6"" HD / 4 Go / Noir","929,000 DT","Écran 15,6"" HD - Processeur Intel Core i3-1215U, 12e génération, up to 4.4 GHz, 10 Mo de mémoire Cache - Mémoire 4 Go - Disque SSD 256 Go M.2, PCIe NVMe - Carte Graphique Intel UHD Graphics - Caméra HD 720p -  - WiFi - Bluetooth - USB 3.2 - 1 prise casque - 1x HDMI 1.4 - 1x RJ-45 - Lecteur de carte SD - Windows 11 - Couleur Noir - Garantie 1 an"
44,Pc Portable DELL Vostro 3520 / i3-1215U / 12 Go / 256 Go SSD / Noir Avec SACOCHE Offert,"935,000 DT","Écran 15.6"" Full HD, 120 Hz - Processeur Intel Core i3-1215U, 12e génération, (jusqu'à 4.4 GHz, 10 Mo de mémoire Cache) - Mémoire 12 Go DDR4 - Disque SSD M.2 NVMe 256 Go - Carte Graphique Intel UHD Graphics - Caméra HD 720p - WiFi - Bluetooth - USB 3.2 - 1x prise casque - 1x HDMI 1.4 - 1x RJ-45 - Lecteur de carte SD - FreeDos - Couleur Noir - Garantie 1 an Avec SACOCHE Offert"
45,"Pc Portable DELL Vostro 3520 / Écran 15,6"" HD / 4 Go / Noir Avec SACOCHE Offert","939,000 DT","Écran 15,6"" HD - Processeur Intel Core i3-1215U, 12e génération, up to 4.4 GHz, 10 Mo de mémoire Cache - Mémoire 4 Go - Disque SSD 256 Go M.2, PCIe NVMe - Carte Graphique Intel UHD Graphics - Caméra HD 720p -  - WiFi - Bluetooth - USB 3.2 - 1 prise casque - 1x HDMI 1.4 - 1x RJ-45 - Lecteur de carte SD - Windows 11 - Couleur Noir - Garantie 1 an Avec SACOCHE Offert"
46,Pc portable ASUS Chromebook 14 CX1400CNA / Intel Celeron N3350 / 8 Go / Chrome ZTE / Silver,"939,000 DT","Écran 14"" HD (1366 x 768 px) anti-reflets, Rétroéclairage LED - Processeur Intel Celeron N3350, jusqu'à 2.4 GHz, 2 Mo de mémoire cache - Mémoire 8 Go LPDDR4 - Disque 32 Go eMMC - Carte graphique Intel UHD Graphics - 2x USB 3.2 - 2x USB-C 3.2 - 1 x combo audio jack de 3.5 mm - Lecteur de cartes Micro SD - Caméra 720p HD - Wi-Fi 6 - Bluetooth 5.2 - Système d'exploitation: Chrome - Couleur Silver - Garantie 1 an"
47,Pc Portable DELL Vostro 3520 / i3-1215U / 8 Go / 256 Go SSD / Windows 11 pro / Noir,"945,000 DT","Écran 15.6"" Full HD, 120 Hz - Processeur Intel Core i3-1215U, 12e génération, (jusqu'à 4.4 GHz, 10 Mo de mémoire Cache) - Mémoire 8 Go DDR4 - Disque SSD M.2 NVMe 256 Go - Carte Graphique Intel UHD Graphics - Caméra HD 720p - WiFi - Bluetooth - USB 3.2 - 1x prise casque - 1x HDMI 1.4 - 1x RJ-45 - Lecteur de carte SD - FreeDos - Couleur Noir - Windows 11 pro - Garantie 1 an"
48,Pc Portable DELL Vostro 3520 / i3-1215U / 20 Go / 256 Go SSD / Noir,"965,000 DT","Écran 15.6"" Full HD, 120 Hz - Processeur Intel Core i3-1215U, 12e génération, (jusqu'à 4.4 GHz, 10 Mo de mémoire Cache) - Mémoire 20 Go DDR4 - Disque SSD M.2 NVMe 256 Go - Carte Graphique Intel UHD Graphics - Caméra HD 720p - WiFi - Bluetooth - USB 3.2 - 1x prise casque - 1x HDMI 1.4 - 1x RJ-45 - Lecteur de carte SD - FreeDos - Couleur Noir - Garantie 1 an"
49,"PC PORTABLE LENOVO 15.6"" HD IP1 R3-7320U / 8GB 512SSD /  WINDOWS 11 / GRIS","969,000 DT","Écran 15.6"" HD (1366 x 768) Anti-éblouissement- Processeur AMD Ryzen 3 7320U (4C / 8T, 2.4 / 4.1GHz, 2MB L2 / 4MB L3) - Mémoire 8 Go - Disque SSD M.2 NVMe 512 Go - Carte graphique intégrée AMD Radeon 610M - Lecteur de carte SD - 2x Haut-parleurs stéréo Dolby Audio 1.5 W - Batterie Intégré : 42Wh - Caméra HD 720p avec obturateur de confidentialité - Clavier Nonrétroéclairé - Wi-Fi 6 - Bluetooth 5.2 - 1x USB 2.0 - 1x USB 3.2 - 1x USB-C 3.2 - 1x HDMI 1.4b - 1x prise combo casque/microphone (3.5 mm) - Windows 11 - Couleur Gris Nuage - Garantie 2 ans"
50,Pc Portable DELL Vostro 3520 / i3-1215U / 20 Go / 256 Go SSD / Noir Avec SACOCHE Offert,"979,000 DT","Écran 15.6"" Full HD, 120 Hz - Processeur Intel Core i3-1215U, 12e génération, (jusqu'à 4.4 GHz, 10 Mo de mémoire Cache) - Mémoire 20 Go DDR4 - Disque SSD M.2 NVMe 256 Go - Carte Graphique Intel UHD Graphics - Caméra HD 720p - WiFi - Bluetooth - USB 3.2 - 1x prise casque - 1x HDMI 1.4 - 1x RJ-45 - Lecteur de carte SD - FreeDos - Couleur Noir - Garantie 1 an Avec SACOCHE Offert"
51,Pc Portable DELL Vostro 3520 / i3-1215U / 12 Go / 256 Go SSD / Windows 11 pro / Noir,"985,000 DT","Écran 15.6"" Full HD, 120 Hz - Processeur Intel Core i3-1215U, 12e génération, (jusqu'à 4.4 GHz, 10 Mo de mémoire Cache) - Mémoire 12 Go DDR4 - Disque SSD M.2 NVMe 256 Go - Carte Graphique Intel UHD Graphics - Caméra HD 720p - WiFi - Bluetooth - USB 3.2 - 1x prise casque - 1x HDMI 1.4 - 1x RJ-45 - Lecteur de carte SD - FreeDos - Couleur Noir - Windows 11 pro - Garantie 1 an"
52,Pc Portable DELL Vostro 3520 / i3-1215U / 8 Go / 512 Go SSD / Noir,"999,000 DT","Écran 15.6"" Full HD - Processeur Intel Core i3-1215U, 12e génération, (jusqu'à 4.4 GHz, 10 Mo de mémoire Cache) - Mémoire 8 Go DDR4 - Disque SSD M.2 NVMe 512 Go - Carte Graphique Intel UHD Graphics - Caméra HD 720p - WiFi - Bluetooth - USB 3.2 - 1x prise casque - 1x HDMI 1.4 - 1x RJ-45 - FreeDos - Couleur Noir - Garantie 1 an"
53,Pc Portable DELL Vostro 3520 / i3-1215U / 8 Go / Noir,"1 005,000 DT","Écran 15,6"" HD - Processeur Intel Core i3-1215U, 12e génération, up to 4.4 GHz, 10 Mo de mémoire Cache - Mémoire 8 Go - Disque SSD 256 Go M.2, PCIe NVMe - Carte Graphique Intel UHD Graphics - Caméra HD 720p -  - WiFi - Bluetooth - USB 3.2 - 1 prise casque - 1x HDMI 1.4 - 1x RJ-45 - Lecteur de carte SD - Windows 11 - Couleur Noir - Garantie 1 an"
54,Pc Portable DELL Vostro 3520 / i3-1215U / 8 Go / 512 Go SSD / Noir Avec SACOCHE Offert,"1 009,000 DT","Écran 15.6"" Full HD - Processeur Intel Core i3-1215U, 12e génération, (jusqu'à 4.4 GHz, 10 Mo de mémoire Cache) - Mémoire 8 Go DDR4 - Disque SSD M.2 NVMe 512 Go - Carte Graphique Intel UHD Graphics - Caméra HD 720p - WiFi - Bluetooth - USB 3.2 - 1x prise casque - 1x HDMI 1.4 - 1x RJ-45 - FreeDos - Couleur Noir - Garantie 1 an Avec SACOCHE Offert"
55,Pc Portable DELL Vostro 3520 / i3-1215U / 8 Go / Noir Avec SACOCHE Offert,"1 015,000 DT","Écran 15,6"" HD - Processeur Intel Core i3-1215U, 12e génération, up to 4.4 GHz, 10 Mo de mémoire Cache - Mémoire 8 Go - Disque SSD 256 Go M.2, PCIe NVMe - Carte Graphique Intel UHD Graphics - Caméra HD 720p -  - WiFi - Bluetooth - USB 3.2 - 1 prise casque - 1x HDMI 1.4 - 1x RJ-45 - Lecteur de carte SD - Windows 11 - Couleur Noir - Garantie 1 an Avec SACOCHE Offert"
56,Pc Portable Lenovo V15 G3 IAP / I3 12 ème gén  / 8 Go + Sacoche T210 Offerte,"1 015,000 DT","‎Écran 15,6"" HD 720P - Processeur Intel Core i3-1215U, up to 4.4 Ghz, 10 Mo de cache - Mémoire 4 Go DDR4-3200 MHz - Disque SSD 256 Go M.2 PCIe 4.0 NVMe - Carte Graphique Intel UHD Graphics - 2x Haut-parleurs 1.5W - Caméra HD 720p avec obturateur de confidentialité - Wi-Fi  - Bluetooth 5.1 - 1x USB 2.0 - 1x USB 3.2 - 1x USB-C 3.2 - 1x HDMI 1.4b - 1x Ethernet (RJ-45) - 1x Jack (3.5 mm) - Couleur Noir - Garantie 2 ans + Sacoche T210 Offerte"
57,Pc Portable HP 15-fd0030nk / 32 Go / Windows 11 / Gris,"1 019,000 DT","Écran Full HD 15.6"" (1920 x 1080 px ) antireflet - Processeur Intel Celeron N100, up to 3.4 GHz, 6 Mo de mémoire Cache - Mémoire 32 Go - Disque SSD 256 Go SSD M.2, PCIe NVMe - Carte Graphique Intel UHD Graphics - Wi-Fi 6 - Bluetooth 5.3 - Caméra HP True Vision HD 720p - Doubles haut-parleurs - Clavier avec pavé numérique - 1x USB-C - 2x USB Type A - HDMI 1.4b - 1x Prise Jack - Couleur Gris ardoise - Windows 11 - Garantie 1 an"
58,Pc Portable Lenovo IdeaPad 3 15IAU7 / i3-1215U / 8 Go / 512 Go SSD / Windows 11 / Bleu + Sacoche Lenovo Offerte,"1 019,000 DT","Écran 15.6"" Full HD (1 920 x 1 080), antireflet - Processeur Intel Core i3-1215U 12e génération, (jusqu'à 4.4 GHz, 10 Mo de mémoire cache) - Mémoire 8 Go DDR4 - Disque SSD M.2 NVMe 512 Go - Carte graphique Intel UHD Graphics - Lecteur de carte SD - 2x Haut-parleurs stéréo Dolby Audio 1.5 W - Caméra HD 720p avec obturateur de confidentialité  - Wi-Fi 6 - Bluetooth 5.2 - 1x USB 2.0 - 1x USB 3.2 - 1x USB-C 3.2 - 1x HDMI 1.4b - 1x prise combo casque/microphone (3.5 mm) - Windows 11 - Couleur Bleu - Garantie 2 ans + Sacoche Lenovo Offerte"
59,Pc Portable Lenovo IdeaPad 1 15IAU7 / i3-1215U / 8 Go / Gris / Avec Sac Lenovo Offert,"1 019,000 DT","Écran 15.6"" Full HD (1920 x 1080), antireflet - Processeur Intel Core i3-1215U 12e génération, (jusqu’à 4.4, 10 Mo de mémoire cache) - Mémoire 8 Go DDR4 - Disque SSD NVMe M.2 512 Go - Carte graphique Intel UHD Graphics - Lecteur de carte SD - 2x Haut-parleurs stéréo 1.5W, Dolby Audio - Caméra HD 720p avec obturateur de confidentialité - Wi-Fi 6 - Bluetooth 5.2 - 1x USB 2.0 - 1x USB 3.2 - 1x USB-C 3.2 - 1x HDMI 1.4b - 1x prise combo casque/microphone (3.5 mm) - Windows 11 - Couleur Gris - Garantie 2 ans Avec Sac Lenovo Offert"
60,Pc Portable DELL Vostro 3520 / i3-1215U / 12 Go / 512 Go SSD / Noir,"1 019,000 DT","Écran 15.6"" Full HD - Processeur Intel Core i3-1215U, 12e génération, (jusqu'à 4.4 GHz, 10 Mo de mémoire Cache) - Mémoire 12 Go DDR4 - Disque SSD M.2 NVMe 512 Go - Carte Graphique Intel UHD Graphics - Caméra HD 720p - WiFi - Bluetooth - USB 3.2 - 1x prise casque - 1x HDMI 1.4 - 1x RJ-45 - FreeDos - Couleur Noir - Garantie 1 an"
61,Pc Portable Lenovo IdeaPad 3 15IAU7 / i3-1215U / 8 Go / 512 Go SSD / Windows 11 / Gris + Sacoche Lenovo Offerte,"1 019,000 DT","Écran 15.6"" Full HD (1 920 x 1 080), antireflet - Processeur Intel Core i3-1215U 12e génération, (jusqu'à 4.4 GHz, 10 Mo de mémoire cache) - Mémoire 8 Go DDR4 - Disque SSD M.2 NVMe 512 Go - Carte graphique Intel UHD Graphics - Lecteur de carte SD - 2x Haut-parleurs stéréo Dolby Audio 1.5 W - Caméra HD 720p avec obturateur de confidentialité  - Wi-Fi 6 - Bluetooth 5.2 - 1x USB 2.0 - 1x USB 3.2 - 1x USB-C 3.2 - 1x HDMI 1.4b - 1x prise combo casque/microphone (3.5 mm) - Windows 11 - Couleur Gris - Garantie 2 ans + Sacoche Lenovo Offerte"
62,Pc Portable HP 15-FD0028NK / 32 Go / Gold / Windows 11,"1 029,000 DT","Écran Full HD 15.6"" (1920 x 1080 px ), antireflet - Processeur Intel Celeron N100, up to 3.4 GHz, 6 Mo de mémoire Cache - Mémoire 32 Go - Disque SSD 256 Go SSD M.2, PCIe NVMe - Carte Graphique Intel UHD Graphics - Wi-Fi 6 - Bluetooth 5.3 - Caméra HD 720p - Doubles haut-parleurs - Clavier avec pavé numérique - 1x USB-C - 2x USB Type A - HDMI 1.4b - 1x Prise Jack - Couleur Gold - Windows 11 - Garantie 1 an"
63,Pc Portable DELL Vostro 3520 / i3-1215U / 12 Go / 512 Go SSD / Noir Avec SACOCHE Offert,"1 029,000 DT","Écran 15.6"" Full HD - Processeur Intel Core i3-1215U, 12e génération, (jusqu'à 4.4 GHz, 10 Mo de mémoire Cache) - Mémoire 12 Go DDR4 - Disque SSD M.2 NVMe 512 Go - Carte Graphique Intel UHD Graphics - Caméra HD 720p - WiFi - Bluetooth - USB 3.2 - 1x prise casque - 1x HDMI 1.4 - 1x RJ-45 - FreeDos - Couleur Noir - Garantie 1 an Avec SACOCHE Offert"
64,Pc Portable HP 15-fd0029nk / Intel N100 / 32 Go / Windows 11 / Bleu,"1 038,000 DT","Écran Full HD 15.6"" (1920 x 1080 px ) antireflet - Processeur Intel Celeron N100, up to 3.4 GHz, 6 Mo de mémoire Cache - Mémoire 32 Go - Disque SSD 256 Go SSD M.2, PCIe NVMe - Carte Graphique Intel UHD Graphics - Wi-Fi 6 - Bluetooth 5.3 - Caméra HP True Vision HD 720p - Doubles haut-parleurs - Clavier avec pavé numérique - 1x USB-C - 2x USB Type A - HDMI 1.4b - 1x Prise Jack - Couleur Gris ardoise - Windows 11 - Garantie 1 an"
65,Pc Portable DELL Vostro 3520 / i3-1215U / 12 Go / Noir,"1 039,000 DT","Écran 15,6"" HD - Processeur Intel Core i3-1215U, 12e génération, up to 4.4 GHz, 10 Mo de mémoire Cache - Mémoire 12 Go - Disque SSD 256 Go M.2, PCIe NVMe - Carte Graphique Intel UHD Graphics - Caméra HD 720p -  - WiFi - Bluetooth - USB 3.2 - 1 prise casque - 1x HDMI 1.4 - 1x RJ-45 - Lecteur de carte SD - Windows 11 - Couleur Noir - Garantie 1 an"
66,Pc Portable Lenovo IdeaPad 1 15IAU7 / i3-1215U / 12 Go / Gris / Avec Sac Lenovo Offert,"1 039,000 DT","Écran 15.6"" Full HD (1920 x 1080), antireflet - Processeur Intel Core i3-1215U 12e génération, (jusqu’à 4.4, 10 Mo de mémoire cache) - Mémoire 12 Go DDR4 - Disque SSD NVMe M.2 512 Go - Carte graphique Intel UHD Graphics - Lecteur de carte SD - 2x Haut-parleurs stéréo 1.5W, Dolby Audio - Caméra HD 720p avec obturateur de confidentialité - Wi-Fi 6 - Bluetooth 5.2 - 1x USB 2.0 - 1x USB 3.2 - 1x USB-C 3.2 - 1x HDMI 1.4b - 1x prise combo casque/microphone (3.5 mm) - Windows 11 - Couleur Gris - Garantie 2 ans Avec Sac Lenovo Offert"
67,Pc Portable DELL Vostro 3520 / i3-1215U / 16 Go / 512 Go SSD / Noir,"1 049,000 DT","Écran 15.6"" Full HD - Processeur Intel Core i3-1215U, 12e génération, (jusqu'à 4.4 GHz, 10 Mo de mémoire Cache) - Mémoire 16 Go DDR4 - Disque SSD M.2 NVMe 512 Go - Carte Graphique Intel UHD Graphics - Caméra HD 720p - WiFi - Bluetooth - USB 3.2 - 1x prise casque - 1x HDMI 1.4 - 1x RJ-45 - FreeDos - Couleur Noir - Garantie 1 an"
68,Pc Portable DELL Vostro 3520 / i3-1215U / 12 Go / Noir Avec SACOCHE Offerte,"1 049,000 DT","Écran 15,6"" HD - Processeur Intel Core i3-1215U, 12e génération, up to 4.4 GHz, 10 Mo de mémoire Cache - Mémoire 12 Go - Disque SSD 256 Go M.2, PCIe NVMe - Carte Graphique Intel UHD Graphics - Caméra HD 720p -  - WiFi - Bluetooth - USB 3.2 - 1 prise casque - 1x HDMI 1.4 - 1x RJ-45 - Lecteur de carte SD - Windows 11 - Couleur Noir - Garantie 1 an Avec SACOCHE Offerte"
69,Pc Portable Asus VivoBook 15 X1504 / i3 13è Gén / 4 Go / Win11 / Silver,"1 049,000 DT","Ecran 15.6"" LED Full HD - Processeur Intel Core i3-1315U Up to 4.5 GHz, 10 Mo de mémoire cache - Mémoire 4 Go - Disque 256 Go SSD - Carte graphique Intel UHD graphics - WiFi - Bluetooth - HDMI - USB 3.2 Type C - USB 3.2 Type-A - Jack 3,5mm - Webcam - Couleur Silver - Windows 11 - Garantie 1 an"
70,Pc Portable Asus VivoBook 15 X1504 / i3 13è Gén / 4 Go / Win11 / Bleu,"1 049,000 DT","Ecran 15.6"" LED Full HD - Processeur Intel Core i3-1315U Up to 4.5 GHz, 10 Mo de mémoire cache - Mémoire 4 Go - Disque 256 Go SSD - Carte graphique Intel UHD graphics - WiFi - Bluetooth - HDMI - USB 3.2 Type C - USB 3.2 Type-A - Jack 3,5mm - Webcam - Couleur Silver - Windows 11 - Garantie 1 an"
71,Pc Portable Asus VivoBook 15 X1504 / i3 13è Gén / 4 Go / Win11 / Silver Avec SACOCHE Offerte,"1 055,000 DT","Ecran 15.6"" LED Full HD - Processeur Intel Core i3-1315U Up to 4.5 GHz, 10 Mo de mémoire cache - Mémoire 4 Go - Disque 256 Go SSD - Carte graphique Intel UHD graphics - WiFi - Bluetooth - HDMI - USB 3.2 Type C - USB 3.2 Type-A - Jack 3,5mm - Webcam - Couleur Silver - Windows 11 - Avec SACOCHE Offert - Garantie 1 an"
72,Pc Portable Lenovo V15 G3 IAP / I3 12 ème gén  / 12 Go + Sacoche T210 Offerte,"1 055,000 DT","‎Écran 15,6"" HD 720P - Processeur Intel Core i3-1215U, up to 4.4 Ghz, 10 Mo de cache - Mémoire 12 Go DDR4-3200 MHz - Disque SSD 256 Go M.2 PCIe 4.0 NVMe - Carte Graphique Intel UHD Graphics - 2x Haut-parleurs 1.5W - Caméra HD 720p avec obturateur de confidentialité - Wi-Fi  - Bluetooth 5.1 - 1x USB 2.0 - 1x USB 3.2 - 1x USB-C 3.2 - 1x HDMI 1.4b - 1x Ethernet (RJ-45) - 1x Jack (3.5 mm) - Couleur Noir - Garantie 2 ans + Sacoche T210 Offerte"
73,Pc Portable HP 15-fd0029nk / Intel N100 / 32 Go / Windows 11 / Bleu  + Sac à dos HP Offert,"1 059,000 DT","Écran Full HD 15.6"" (1920 x 1080 px ) antireflet - Processeur Intel Celeron N100, up to 3.4 GHz, 6 Mo de mémoire Cache - Mémoire 32 Go - Disque SSD 256 Go SSD M.2, PCIe NVMe - Carte Graphique Intel UHD Graphics - Wi-Fi 6 - Bluetooth 5.3 - Caméra HP True Vision HD 720p - Doubles haut-parleurs - Clavier avec pavé numérique - 1x USB-C - 2x USB Type A - HDMI 1.4b - 1x Prise Jack - Couleur Gris ardoise - Windows 11 - Garantie 1 an + Sac à dos HP Offert"
74,Pc Portable DELL Vostro 3520 / i3-1215U / 8 Go / 512 Go SSD /Windows 11 pro /Noir,"1 059,000 DT","Écran 15.6"" Full HD - Processeur Intel Core i3-1215U, 12e génération, (jusqu'à 4.4 GHz, 10 Mo de mémoire Cache) - Mémoire 8 Go DDR4 - Disque SSD M.2 NVMe 512 Go - Carte Graphique Intel UHD Graphics - Caméra HD 720p - WiFi - Bluetooth - USB 3.2 - 1x prise casque - 1x HDMI 1.4 - 1x RJ-45 - FreeDos - Couleur Noir - Windows 11 pro - Garantie 1 an"
75,Pc Portable DELL Vostro 3520 / i3-1215U / 16 Go / 512 Go SSD / Noir Avec SACOCHE Offert,"1 065,000 DT","Écran 15.6"" Full HD - Processeur Intel Core i3-1215U, 12e génération, (jusqu'à 4.4 GHz, 10 Mo de mémoire Cache) - Mémoire 16 Go DDR4 - Disque SSD M.2 NVMe 512 Go - Carte Graphique Intel UHD Graphics - Caméra HD 720p - WiFi - Bluetooth - USB 3.2 - 1x prise casque - 1x HDMI 1.4 - 1x RJ-45 - FreeDos - Couleur Noir - Garantie 1 an Avec SACOCHE Offert"
76,Pc Portable Lenovo IdeaPad Slim 3 15IRU8 / i3-1305U / 8 Go / Gris / Avec Sacoche Lenovo Offerte,"1 069,000 DT","Écran 15.6"" Full HD (1920 x 1080), antireflet - Processeur Intel Core i3-1305U 13e génération, (jusqu’à 4.5, 10 Mo de mémoire cache) - Mémoire 8 Go LPDDR5 - Disque SSD NVMe M.2 256 Go - Carte graphique Intel UHD intégrés - Lecteur de carte SD - 2x Haut-parleurs stéréo 1.5 W, avec Dolby Audio - Caméra HD 720p avec obturateur de confidentialité - Wi-Fi - Bluetooth 5.2 - 2x USB 3.2 - 1x USB-C 3.2 - 1x HDMI 1.4 - 1x prise combo casque/microphone (3.5 mm) - FreeDOS - Couleur Gris arctique - Garantie 2 ans Avec Sacoche Lenovo Offerte"
77,Pc Portable Asus VivoBook 15 X1504 / i3 13è Gén / 8 Go / Win11 / Bleu,"1 069,000 DT","Ecran 15.6"" LED Full HD - Processeur Intel Core i3-1315U Up to 4.5 GHz, 10 Mo de mémoire cache - Mémoire 8 Go - Disque 256 Go SSD - Carte graphique Intel UHD graphics - WiFi - Bluetooth - HDMI - USB 3.2 Type C - USB 3.2 Type-A - Jack 3,5mm - Webcam - Couleur Silver - Windows 11 - Garantie 1 an"
78,Pc Portable Lenovo IdeaPad 1 15IAU7 / i3-1215U / 24 Go / Gris / Avec Sac Lenovo Offert,"1 069,000 DT","Écran 15.6"" Full HD (1920 x 1080), antireflet - Processeur Intel Core i3-1215U 12e génération, (jusqu’à 4.4, 10 Mo de mémoire cache) - Mémoire 24 Go DDR4 - Disque SSD NVMe M.2 256 Go - Carte graphique Intel UHD Graphics - Lecteur de carte SD - 2x Haut-parleurs stéréo 1.5W, Dolby Audio - Caméra HD 720p avec obturateur de confidentialité - Wi-Fi 6 - Bluetooth 5.2 - 1x USB 2.0 - 1x USB 3.2 - 1x USB-C 3.2 - 1x HDMI 1.4b - 1x prise combo casque/microphone (3.5 mm) - FreeDOS - Couleur Gris - Garantie 2 ans Avec Sac Lenovo Offert"
79,Pc Portable Asus VivoBook 15 X1504 / i3 13è Gén / 8 Go / Win11 / Silver,"1 069,000 DT","Ecran 15.6"" LED Full HD - Processeur Intel Core i3-1315U Up to 4.5 GHz, 10 Mo de mémoire cache - Mémoire 8 Go - Disque 256 Go SSD - Carte graphique Intel UHD graphics - WiFi - Bluetooth - HDMI - USB 3.2 Type C - USB 3.2 Type-A - Jack 3,5mm - Webcam - Couleur Silver - Windows 11 - Garantie 1 an"
80,Pc Portable Lenovo IdeaPad 1 15IAU7 / i3-1215U / 16 Go / Gris / Avec Sac Lenovo Offert,"1 079,000 DT","Écran 15.6"" Full HD (1920 x 1080), antireflet - Processeur Intel Core i3-1215U 12e génération, (jusqu’à 4.4, 10 Mo de mémoire cache) - Mémoire 16 Go DDR4 - Disque SSD NVMe M.2 512 Go - Carte graphique Intel UHD Graphics - Lecteur de carte SD - 2x Haut-parleurs stéréo 1.5W, Dolby Audio - Caméra HD 720p avec obturateur de confidentialité - Wi-Fi 6 - Bluetooth 5.2 - 1x USB 2.0 - 1x USB 3.2 - 1x USB-C 3.2 - 1x HDMI 1.4b - 1x prise combo casque/microphone (3.5 mm) - Windows 11 - Couleur Gris - Garantie 2 ans Avec Sac Lenovo Offert"
81,Pc Portable DELL Vostro 3520 / i3-1215U / 16 Go / Windows 11 / Noir,"1 084,000 DT","Écran 15,6"" HD - Processeur Intel Core i3-1215U, 12e génération, up to 4.4 GHz, 10 Mo de mémoire Cache - Mémoire 16 Go - Disque SSD 256 Go M.2, PCIe NVMe - Carte Graphique Intel UHD Graphics - Caméra HD 720p -  - WiFi - Bluetooth - USB 3.2 - 1 prise casque - 1x HDMI 1.4 - 1x RJ-45 - Lecteur de carte SD - Windows 11 - Couleur Noir - Garantie 1 an"
82,PC PORTABLE LENOVO V15 I3-1215U 8G 512GSSD +  Sacoche  Offerte,"1 089,000 DT","Écran 15.6"" FULL HD - Processeur : Intel Core i3-1215U (up to 4,40 GHz Turbo max, 10 Mo de mémoire cache, Hexa-Core) - Mémoire : 8G - Disque Dur : 512 Go SSD - Carte Graphique : Intel UHD Graphics - Wi-Fi - Bluetooth - 1x USB 2.0, 1x USB 3.2 Gen 1, 1x USB-C 3.2 Gen 1 - 1x HDMI 1.4b - 1x RJ-45, 1x prise combinée casque/microphone (3,5 mm) - 1x connecteur d'alimentation - Couleur: Noir - Garantie: 2 ans"
83,"PC PORTABLE DELL VOSTRO I3-1215U 8G 512SSD 15.6"" Windows 11","1 091,000 DT","Écran 15,6"" HD - Processeur Intel Core i3-1215U, 12e génération, up to 4.4 GHz, 10 Mo de mémoire Cache - Mémoire 8 Go - Disque SSD 512 Go M.2, PCIe NVMe - Carte Graphique Intel UHD Graphics - Caméra HD 720p -  - WiFi - Bluetooth - USB 3.2 - 1 prise casque - 1x HDMI 1.4 - 1x RJ-45 - Lecteur de carte SD - Windows 11 - Couleur Noir - Garantie 1 an"
84,Pc Portable DELL Vostro 3520 / i3-1215U / 24 Go / 512 Go SSD / Noir,"1 095,000 DT","Écran 15.6"" Full HD - Processeur Intel Core i3-1215U, 12e génération, (jusqu'à 4.4 GHz, 10 Mo de mémoire Cache) - Mémoire 24 Go DDR4 - Disque SSD M.2 NVMe 512 Go - Carte Graphique Intel UHD Graphics - Caméra HD 720p - WiFi - Bluetooth - USB 3.2 - 1x prise casque - 1x HDMI 1.4 - 1x RJ-45 - FreeDos - Couleur Noir - Garantie 1 an"
85,Pc Portable Lenovo IdeaPad 3 15IAU7 / i3-1215U / 16 Go / 512 Go SSD / Windows 11 / Bleu + Sacoche Lenovo Offerte,"1 099,000 DT","Écran 15.6"" Full HD (1 920 x 1 080), antireflet - Processeur Intel Core i3-1215U 12e génération, (jusqu'à 4.4 GHz, 10 Mo de mémoire cache) - Mémoire 16 Go DDR4 - Disque SSD M.2 NVMe 512 Go - Carte graphique Intel UHD Graphics - Lecteur de carte SD - 2x Haut-parleurs stéréo Dolby Audio 1.5 W - Caméra HD 720p avec obturateur de confidentialité  - Wi-Fi 6 - Bluetooth 5.2 - 1x USB 2.0 - 1x USB 3.2 - 1x USB-C 3.2 - 1x HDMI 1.4b - 1x prise combo casque/microphone (3.5 mm) - Windows 11 - Couleur Bleu - Garantie 2 ans + Sacoche Lenovo Offerte"
86,Pc Portable Asus VivoBook 15 X1504 / i3 13è Gén / 8 Go / Win11 / Silver + Cadeau surprise,"1 099,000 DT","Ecran 15.6"" LED Full HD - Processeur Intel Core i3-1315U Up to 4.5 GHz, 10 Mo de mémoire cache - Mémoire 8 Go - Disque 256 Go SSD - Carte graphique Intel UHD graphics - WiFi - Bluetooth - HDMI - USB 3.2 Type C - USB 3.2 Type-A - Jack 3,5mm - Webcam - Couleur Silver - Windows 11 - Garantie 1 an"
87,Pc Portable Asus VivoBook 15 X1504 / i3-1315U / 8 Go / 256 Go SSD / Windows 11 / Bleu + Cadeau surprise,"1 099,000 DT","Écran 15.6"" LED Full HD - Processeur Intel Core i3-1315U 13e génération, (Up to 4.5 GHz, 10 Mo de mémoire cache) - Mémoire 8 Go DDR5 - Disque SSD 256 Go - Carte graphique Intel UHD graphics - WiFi - Bluetooth - HDMI - USB 3.2 Type C - USB 3.2 Type-A - Jack 3,5mm - Webcam - Windows 11 - Couleur Bleu - Garantie 1 an"
88,Pc Portable Asus VivoBook 15 X1504 / i3 13è Gén / 8 Go / Win11 / Silver,"1 099,000 DT","Ecran 15.6"" LED Full HD - Processeur Intel Core i3-1315U Up to 4.5 GHz, 10 Mo de mémoire cache - Mémoire 8 Go - Disque 256 Go SSD - Carte graphique Intel UHD graphics - WiFi - Bluetooth - HDMI - USB 3.2 Type C - USB 3.2 Type-A - Jack 3,5mm - Webcam - Couleur Silver - Windows 11 - Garantie 1 an"
89,Pc Portable Asus VivoBook 15 X1504 / i3-1315U / 8 Go / 256 Go SSD / Windows 11 / Bleu,"1 099,000 DT","Écran 15.6"" LED Full HD - Processeur Intel Core i3-1315U 13e génération, (Up to 4.5 GHz, 10 Mo de mémoire cache) - Mémoire 8 Go DDR5 - Disque SSD 256 Go - Carte graphique Intel UHD graphics - WiFi - Bluetooth - HDMI - USB 3.2 Type C - USB 3.2 Type-A - Jack 3,5mm - Webcam - Windows 11 - Couleur Bleu - Garantie 1 an"
90,Pc Portable HP 15-FD0060NK / i3-N305 / 8 Go / 256Go SSD / Silver,"1 109,000 DT","Écran Full HD 15.6"" (1920 x 1080), antireflet - Processeur Intel Core i3-N305, (jusqu’à 3.8 GHz, 6 Mo de mémoire cache) - Mémoire 8 Go DDR4 - Disque SSD NVMe M.2 256 Go - Carte graphique Intel UHD Intégré - Wi-Fi 6 - Bluetooth 5.3 - Clavier complet gris clair avec pavé numérique - Caméra HP True Vision HD 720p - Doubles haut-parleurs - 1x USB-C - 2x USB-A - 1x HDMI 1.4b - 1x prise combinée casque/microphone - FreeDOS - Couleur Silver - Garantie 1 an"
91,Pc Portable Asus VivoBook 15 X1504 / i3 13è Gén / 12 Go / Win11 / Silver,"1 109,000 DT","Ecran 15.6"" LED Full HD - Processeur Intel Core i3-1315U Up to 4.5 GHz, 10 Mo de mémoire cache - Mémoire 12 Go - Disque 256 Go SSD - Carte graphique Intel UHD graphics - WiFi - Bluetooth - HDMI - USB 3.2 Type C - USB 3.2 Type-A - Jack 3,5mm - Webcam - Couleur Silver - Windows 11 - Garantie 1 an"
92,Pc Portable DELL Vostro 3530 / i3-1305U / 8 Go / Noir,"1 109,000 DT","Écran 15,6"" FHD, 120Hz - Processeur Processeur Intel Core i3-1305U, 13e génération, up to 4.5 GHz, 10 Mo de mémoire Cache - Mémoire 8 Go - Disque SSD 256 Go M.2, PCIe NVMe - Carte Graphique Intel UHD graphics - Webcam - WiFi - Bluetooth - USB 3.2 Type-A - USB 3.2 Type-C - 1 Prise casque - 1x HDMI 1.4 - 1x RJ-45 - Lecteur de carte SD - Windows 11 - Couleur Noir - Garantie 1 an"
93,Pc Portable Asus VivoBook 15 X1504 / i3 13è Gén / 12 Go / Win11 / Bleu,"1 109,000 DT","Ecran 15.6"" LED Full HD - Processeur Intel Core i3-1315U Up to 4.5 GHz, 10 Mo de mémoire cache - Mémoire 12 Go - Disque 256 Go SSD - Carte graphique Intel UHD graphics - WiFi - Bluetooth - HDMI - USB 3.2 Type C - USB 3.2 Type-A - Jack 3,5mm - Webcam - Couleur Silver - Windows 11 - Garantie 1 an"
94,PC PORTABLE LENOVO V15 / I3-1215U / 12 Go / 512 Go SSD +  Sacoche  Offerte,"1 109,000 DT","Écran 15.6"" FULL HD - Processeur : Intel Core i3-1215U (up to 4,40 GHz Turbo max, 10 Mo de mémoire cache, Hexa-Core) - Mémoire : 12G - Disque Dur : 512 Go SSD - Carte Graphique : Intel UHD Graphics - Wi-Fi - Bluetooth - 1x USB 2.0, 1x USB 3.2 Gen 1, 1x USB-C 3.2 Gen 1 - 1x HDMI 1.4b - 1x RJ-45, 1x prise combinée casque/microphone (3,5 mm) - 1x connecteur d'alimentation - Couleur: Noir - Garantie: 2 ans"
95,Pc Portable HP 15-FD0057NK / i3-N305 / 8 Go / 256SSD /  Bleu,"1 109,000 DT","Écran Full HD 15.6"" (1920 x 1080 px ), antireflet - Processeur Intel Core i3-N305, jusqu'à to 3.8 GHz, 6 Mo de mémoire Cache - Mémoire 8 Go - Disque SSD 256 Go SSD M.2, PCIe NVMe - Carte Graphique Intel UHD - Wi-Fi 6 - Bluetooth 5.3 - Caméra HD 720p - Doubles haut-parleurs - Clavier rétroéclairé avec pavé numérique - 1x USB-C - 2x USB Type A - HDMI 1.4b - 1x Prise Jack - Couleur Bleu- FreeDOS - Garantie 1 an"
96,Pc Portable HP 15-FD0056NK / i3-N305 / 8 Go / 256 Go SSD / Gold,"1 109,000 DT","Écran Full HD 15.6"" (1920 x 1080), antireflet - Processeur Intel Core i3-N305, (jusqu’à 3.8 GHz, 6 Mo de mémoire cache) - Mémoire 8 Go DDR4 - Disque SSD NVMe M.2 256 Go - Carte graphique Intel UHD Intégré - Wi-Fi 6 - Bluetooth 5.3 - Clavier complet gris clair avec pavé numérique - Caméra HP True Vision HD 720p - Doubles haut-parleurs - 1x USB-C - 2x USB-A - 1x HDMI 1.4b - 1x prise combinée casque/microphone - FreeDOS - Couleur Gold - Garantie 1 an"
